title,info,date,url,author,domain
Awesome Things To Do In Las Vegas (My Favorites),N/A,N/A,https://wanderingearl.com/awesome-things-to-do-in-las-vegas/,Earl,wanderingearl.com
"Sleep, Eat & Surf in Singapore",N/A,N/A,https://wanderingearl.com/sleep-eat-surf-in-singapore/,Earl,wanderingearl.com
Trover – It’s Still My Ideal Travel Idea Generator,N/A,N/A,https://wanderingearl.com/trover-still-my-ideal-travel-idea-generator/,Earl,wanderingearl.com
My Visit To The Breakaway Territory Of Transnistria,N/A,N/A,https://wanderingearl.com/visiting-the-breakaway-territory-of-transnistria/,Earl,wanderingearl.com
Wandering Earl Tours 2018,N/A,N/A,https://wanderingearl.com/wandering-earl-tours-2018/,Earl,wanderingearl.com
The Thrill Of Traveling To Iraq,N/A,N/A,https://wanderingearl.com/the-thrill-of-traveling-to-iraq/,Earl,wanderingearl.com
3 Best Kept Travel Secrets,N/A,N/A,https://wanderingearl.com/3-best-kept-travel-secrets/,Earl,wanderingearl.com
It’s Not The End Of The World If You Don’t Travel,N/A,N/A,https://wanderingearl.com/its-not-the-end-of-the-world-if-you-dont-travel/,Earl,wanderingearl.com
A US Citizen In The ‘Axis Of Evil’,N/A,N/A,https://wanderingearl.com/a-us-citizen-in-the-axis-of-evil/,Earl,wanderingearl.com
"What It’s Like To Live In Bucharest, Romania",N/A,N/A,https://wanderingearl.com/what-its-like-to-live-in-bucharest/,Earl,wanderingearl.com
Discover Hong Kong: Captivating and Accessible Must-See Spots,N/A,N/A,https://wanderingearl.com/discover-hong-kong-captivating-and-accessible-must-see-spots/,Earl,wanderingearl.com
Guide to Chartering a Yacht in the British Virgin Islands,N/A,N/A,https://wanderingearl.com/guide-to-chartering-a-yacht-in-the-british-virgin-islands/,Earl,wanderingearl.com
Warning! Explorers Only Beyond This Point,N/A,N/A,https://wanderingearl.com/warning-explorers-only-beyond-this-point/,Earl,wanderingearl.com
How Five Minutes of Meditation Makes Me A Better Traveler,N/A,N/A,https://wanderingearl.com/five-minutes-meditation-makes-better-traveler/,Earl,wanderingearl.com
How Safe Is Traveling To Iraq?,N/A,N/A,https://wanderingearl.com/how-safe-is-traveling-to-iraq/,Earl,wanderingearl.com
Authentic Travel Experiences in Touristy Destinations,N/A,N/A,https://wanderingearl.com/authentic-travel-experiences-touristy-destinations/,Earl,wanderingearl.com
Living Abroad For Less Than $1000 Per Month,N/A,N/A,https://wanderingearl.com/living-abroad-for-less-than-1000-per-month/,Earl,wanderingearl.com
"Airports, Speed Bumps & Uncle Carl",N/A,N/A,https://wanderingearl.com/airports-speed-bumps-uncle-carl/,Earl,wanderingearl.com
What It Feels Like To Be A Friend,N/A,N/A,https://wanderingearl.com/what-it-feels-like-to-be-a-friend/,Earl,wanderingearl.com
Sydney’s Chinese Garden of Friendship,N/A,N/A,https://wanderingearl.com/sydneys-chinese-garden-of-friendship/,Earl,wanderingearl.com
The Joy of Booking a Flight,N/A,N/A,https://wanderingearl.com/the-joy-of-booking-a-flight/,Earl,wanderingearl.com
Here’s $50 To Get You Excited About Travel,N/A,N/A,https://wanderingearl.com/excited-about-travel/,Earl,wanderingearl.com
Feeling Guilty For Leaving A Country Too Soon,N/A,N/A,https://wanderingearl.com/feeling-guilty-for-leaving-a-country-too-soon/,Earl,wanderingearl.com
Eurail Adventure: Timisoara to Bucharest,N/A,N/A,https://wanderingearl.com/eurail-adventure-timisoara-to-bucharest/,Earl,wanderingearl.com
Why I Don’t Own a Tie,N/A,N/A,https://wanderingearl.com/why-i-dont-own-a-tie/,Earl,wanderingearl.com
The Day I Was Followed By A Secret Agent In Beirut,N/A,N/A,https://wanderingearl.com/the-day-i-was-followed-by-a-secret-agent-in-beirut/,Earl,wanderingearl.com
Optimism In Kurdistan,N/A,N/A,https://wanderingearl.com/optimism-in-kurdistan/,Earl,wanderingearl.com
"Making Friends While Traveling Is A Crazy, Wild Ride",N/A,N/A,https://wanderingearl.com/making-friends-while-traveling-crazy-wild-ride/,Earl,wanderingearl.com
The One Thing I Love To Do,N/A,N/A,https://wanderingearl.com/one-thing-love-to-do/,Earl,wanderingearl.com
Small Hotels in Prague – Hotel Anna (A Review),N/A,N/A,https://wanderingearl.com/small-hotels-in-prague-hotel-anna/,Earl,wanderingearl.com
Everybody Needs Some Stuff – A Few Gift Ideas,N/A,N/A,https://wanderingearl.com/everybody-needs-stuff-gift-ideas/,Earl,wanderingearl.com
Do Human Rights Play A Role In My Travel Decisions?,N/A,N/A,https://wanderingearl.com/do-human-rights-play-a-role-in-my-travel-decisions/,Earl,wanderingearl.com
Barcelona: 5 Cultural Sites to Visit,N/A,N/A,https://wanderingearl.com/barcelona-5-cultural-sites-to-visit/,Earl,wanderingearl.com
The Top 197 Countries in the World You Should Visit,N/A,N/A,https://wanderingearl.com/top-197-countries-in-the-world/,Earl,wanderingearl.com
Facebook Randomness – Answers to All Your Travel Questions,N/A,N/A,https://wanderingearl.com/facebook-randomness-answers-travel-questions/,Earl,wanderingearl.com
"How To Get An Airbnb Discount (a quick, simple trick)",N/A,N/A,https://wanderingearl.com/how-to-get-an-airbnb-discount/,Earl,wanderingearl.com
Dengue Fever Is Nasty & It Made Me Cry,N/A,N/A,https://wanderingearl.com/dengue-fever-is-nasty-it-made-me-cry/,Earl,wanderingearl.com
Fun Ways To Fully Enjoy Your Road Trip From Las Vegas,N/A,N/A,https://wanderingearl.com/fun-ways-to-fully-enjoy-your-road-trip-from-las-vegas/,Earl,wanderingearl.com
An Unexpected Lesson From Meditation,N/A,N/A,https://wanderingearl.com/an-unexpected-lesson-from-meditation/,Earl,wanderingearl.com
A Season-by-Season Guide to the Philippines,N/A,N/A,https://wanderingearl.com/season-by-season-guide-to-philippines/,Earl,wanderingearl.com
I’m Looking To Hire A “Nomadic Affairs Assistant”,N/A,N/A,https://wanderingearl.com/looking-to-hire-nomadic-affairs-assistant/,Earl,wanderingearl.com
"Vienna, Austria: What On Earth Is A Heuriger?",N/A,N/A,https://wanderingearl.com/vienna-austria-what-is-heuriger/,Earl,wanderingearl.com
How To Turn Severe Weather Into A Travel Memory,N/A,N/A,https://wanderingearl.com/how-to-turn-severe-weather-into-a-travel-memory/,Earl,wanderingearl.com
"The Digital Nomad Lifestyle – Reality, Opportunities and Rewards",N/A,N/A,https://wanderingearl.com/digital-nomad-lifestyle/,Earl,wanderingearl.com
Travel Photography: My Terrible Photos Of Europe,N/A,N/A,https://wanderingearl.com/travel-photography-terrible-photos-europe/,Earl,wanderingearl.com
"Bratislava, Slovakia: A Great Little City",N/A,N/A,https://wanderingearl.com/bratislava-slovakia-a-great-little-city/,Earl,wanderingearl.com
I’m In Love With Ljubljana,N/A,N/A,https://wanderingearl.com/im-in-love-with-ljubljana/,Earl,wanderingearl.com
The Perfect Travel Guide That Doesn’t Exist,N/A,N/A,https://wanderingearl.com/perfect-travel-guide-doesnt-exist/,Earl,wanderingearl.com
"Israel Travel Recommendations – Sleep, Eat & Learn",N/A,N/A,https://wanderingearl.com/israel-travel-recommendations-sleep-eat-learn/,Earl,wanderingearl.com
A Quick Chat With My Younger Self,N/A,N/A,https://wanderingearl.com/quick-chat-younger-self/,Earl,wanderingearl.com
Let’s Share Our Stories & Inspire Each Other,N/A,N/A,https://wanderingearl.com/lets-share-our-stories-inspire-each-other/,Earl,wanderingearl.com
How Much It Costs To Travel In Syria,N/A,N/A,https://wanderingearl.com/how-much-it-costs-to-travel-in-syria/,Earl,wanderingearl.com
In Search Of Two Mosques (Without A Map),N/A,N/A,https://wanderingearl.com/in-search-of-two-mosques-without-a-map/,Earl,wanderingearl.com
Why You Shouldn’t Care What Others Think About You,N/A,N/A,https://wanderingearl.com/why-you-shouldnt-care-what-others-think-about-you/,Earl,wanderingearl.com
My Travel Plans For The Rest Of The Year,N/A,N/A,https://wanderingearl.com/my-travel-plans-for-the-rest-of-the-year/,Earl,wanderingearl.com
"Sinaia, Romania: Home Of The Bizarre ‘Peles Castle’",N/A,N/A,https://wanderingearl.com/sinaia-romania-home-of-the-bizarre-peles-castle/,Earl,wanderingearl.com
An Afternoon Meeting With A Queen,N/A,N/A,https://wanderingearl.com/an-afternoon-meeting-with-a-queen/,Earl,wanderingearl.com
How To Travel Overland To Iraq (Kurdistan),N/A,N/A,https://wanderingearl.com/how-to-travel-overland-to-iraq-kurdistan/,Earl,wanderingearl.com
33 Fascinating Chernobyl Photos,N/A,N/A,https://wanderingearl.com/33-fascinating-chernobyl-photos/,Earl,wanderingearl.com
Non Lucrative Visa for Spain: How I Applied in Just 1 Week,N/A,N/A,https://wanderingearl.com/non-lucrative-visa-spain-apply-one-week/,Earl,wanderingearl.com
Island Hopping Like a Local: Discovering Koh Samui’s Neighbors,N/A,N/A,https://wanderingearl.com/island-hopping-like-a-local-koh-samui-archipelago/,Earl,wanderingearl.com
My ‘Travel Date’ With A Guy Named Kaji,N/A,N/A,https://wanderingearl.com/my-travel-date-with-a-guy-named-kaji/,Earl,wanderingearl.com
Please Help Me Find A Home!,N/A,N/A,https://wanderingearl.com/please-help-me-find-a-home/,Earl,wanderingearl.com
I Just Had The Crappiest Visit To The Taj Mahal,N/A,N/A,https://wanderingearl.com/i-just-had-the-crappiest-visit-to-the-taj-mahal/,Earl,wanderingearl.com
The Museum Of Broken Relationships,N/A,N/A,https://wanderingearl.com/the-museum-of-broken-relationships/,Earl,wanderingearl.com
Cash & Plastic: A Peek Inside My Money Clip,N/A,N/A,https://wanderingearl.com/cash-plastic-a-peek-inside-my-money-clip/,Earl,wanderingearl.com
Luke Duke and Blogging to the Rescue,N/A,N/A,https://wanderingearl.com/luke-duke-and-blogging-to-the-rescue/,Earl,wanderingearl.com
8-Day New Zealand Road Trip (Detailed Itinerary),N/A,N/A,https://wanderingearl.com/8-day-new-zealand-road-trip/,Earl,wanderingearl.com
The Most Amazing Church I’ve Ever Seen & Can’t Show You,N/A,N/A,https://wanderingearl.com/most-amazing-church-ive-ever-seen-cant-show-you/,Earl,wanderingearl.com
VIDEO: My Visit to a Remote Village in Nepal,N/A,N/A,https://wanderingearl.com/visit-to-remote-village-in-nepal/,Earl,wanderingearl.com
A Different Glimpse Of Lebanon,N/A,N/A,https://wanderingearl.com/a-different-glimpse-of-lebanon/,Earl,wanderingearl.com
How To Travel When It’s Ridiculously Hot Outside,N/A,N/A,https://wanderingearl.com/how-to-travel-when-its-ridiculously-hot-outside/,Earl,wanderingearl.com
A Traveler’s Perspective On The Death Of Osama,N/A,N/A,https://wanderingearl.com/a-travelers-perspective-on-the-death-of-osama/,Earl,wanderingearl.com
Beware of the Vienna Airport,N/A,N/A,https://wanderingearl.com/beware-of-the-vienna-airport/,Earl,wanderingearl.com
Should Travel Warnings Stop Us From Traveling?,N/A,N/A,https://wanderingearl.com/should-travel-warnings-stop-us-from-traveling/,Earl,wanderingearl.com
"All Is Well In Istanbul, Thanks To Shakira",N/A,N/A,https://wanderingearl.com/all-is-well-in-istanbul-thanks-to-shakira/,Earl,wanderingearl.com
Why I Traveled To Yemen For My Vacation,N/A,N/A,https://wanderingearl.com/why-i-travel-to-yemen-for-my-vacation/,Earl,wanderingearl.com
The Middle Of Nowhere Is Where I Want To Be,N/A,N/A,https://wanderingearl.com/the-middle-of-nowhere-is-where-i-want-to-be/,Earl,wanderingearl.com
Eurail Adventure: Lucerne to Vienna,N/A,N/A,https://wanderingearl.com/eurail-adventure-lucerne-to-vienna/,Earl,wanderingearl.com
The Healthiest I’ve Felt in a Long Time,N/A,N/A,https://wanderingearl.com/the-healthiest-ive-felt-in-a-long-time/,Earl,wanderingearl.com
Eurail Adventure: Sibiu to Bucharest,N/A,N/A,https://wanderingearl.com/eurail-adventure-sibiu-to-bucharest/,Earl,wanderingearl.com
When Tourism Goes Terribly Wrong,N/A,N/A,https://wanderingearl.com/when-tourism-goes-terribly-wrong/,Earl,wanderingearl.com
Snow-Covered Peaks Or Endless White Sands?,N/A,N/A,https://wanderingearl.com/snow-covered-peaks-or-endless-white-sands/,Earl,wanderingearl.com
Sleeping On Sofas And Floors,N/A,N/A,https://wanderingearl.com/sleeping-on-sofas-and-floors/,Earl,wanderingearl.com
"Why You Should Visit The Golden Temple in Amritsar, India",N/A,N/A,https://wanderingearl.com/why-you-should-visit-the-golden-temple-in-amritsar-india/,Earl,wanderingearl.com
"6 Words, 2 Phrases: A Simple Guide to Life",N/A,N/A,https://wanderingearl.com/6-words-2-phrases-a-simple-guide-to-life/,Earl,wanderingearl.com
My Favorite Ways to Save Money on Travel,N/A,N/A,https://wanderingearl.com/my-favorite-ways-to-save-money-on-travel/,Earl,wanderingearl.com
The Taxis of Kabul,N/A,N/A,https://wanderingearl.com/the-taxis-of-kabul/,Earl,wanderingearl.com
My 7 Links: Posts You Might Have Missed,N/A,N/A,https://wanderingearl.com/posts-you-might-have-missed/,Earl,wanderingearl.com
Why Every Traveler Must Visit INDIA,N/A,N/A,https://wanderingearl.com/why-every-traveler-must-visit-india/,Earl,wanderingearl.com
How To Travel The World For $1.94 Per Day,N/A,N/A,https://wanderingearl.com/travel-the-world-for-194-per-day/,Earl,wanderingearl.com
How I’ve Handled Travel Insurance Over The Years,N/A,N/A,https://wanderingearl.com/how-ive-handled-travel-insurance-over-the-years/,Earl,wanderingearl.com
Do You Book Accommodation In Advance?,N/A,N/A,https://wanderingearl.com/do-you-book-accommodation-in-advance/,Earl,wanderingearl.com
My First Post From The US,N/A,N/A,https://wanderingearl.com/my-first-post-from-the-us/,Earl,wanderingearl.com
Volcano Boarding in Nicaragua,N/A,N/A,https://wanderingearl.com/volcano-boarding-in-nicaragua/,Earl,wanderingearl.com
How to Get Paid to Travel: Adventure Jobs with Room & Board,N/A,N/A,https://wanderingearl.com/how-to-get-paid-to-travel-adventure-jobs-with-room-board/,Earl,wanderingearl.com
Volunteer Abroad with Worldpackers Social Impact Program,N/A,N/A,https://wanderingearl.com/volunteer-abroad-with-worldpackers-social-impact-program/,Earl,wanderingearl.com
How Much It Costs To Travel In India,N/A,N/A,https://wanderingearl.com/how-much-it-costs-to-travel-in-india/,Earl,wanderingearl.com
Discover Europe’s Best River Cruise Adventures,N/A,N/A,https://wanderingearl.com/discover-europes-best-river-cruise-adventures/,Earl,wanderingearl.com
Why Live at Home When You Can Live in…Mexico,N/A,N/A,https://wanderingearl.com/why-live-at-home-when-you-can-live-in-mexico/,Earl,wanderingearl.com
My Galapagos Trip Was An Experience of a Lifetime,N/A,N/A,https://wanderingearl.com/galapagos-trip-beyond-incredible/,Earl,wanderingearl.com
Is Traveling To North Korea Ethical?,N/A,N/A,https://wanderingearl.com/traveling-to-north-korea-ethical/,Earl,wanderingearl.com
Tales Of A Bollywood Actor,N/A,N/A,https://wanderingearl.com/tales-of-a-bollywood-actor/,Earl,wanderingearl.com
The Perfect 5 Day Portugal Road Trip,N/A,N/A,https://wanderingearl.com/perfect-5-day-portugal-road-trip/,Earl,wanderingearl.com
The Best Worst Museum in the World,N/A,N/A,https://wanderingearl.com/best-worst-museum-in-the-world/,Earl,wanderingearl.com
"How I Stay Organized While Traveling, Working & Being A Fool",N/A,N/A,https://wanderingearl.com/how-i-stay-organized-while-traveling-working-being-a-fool/,Earl,wanderingearl.com
Are You As Excited About Travel As This Woman?,N/A,N/A,https://wanderingearl.com/excited-about-travel-as-this-woman/,Earl,wanderingearl.com
"Tallinn, Estonia: Museums, Pancakes & Hot Chocolate",N/A,N/A,https://wanderingearl.com/tallinn-estonia-museums-pancakes-hot-chocolate/,Earl,wanderingearl.com
How Much Money Do You Need To Start A Life Of Travel?,N/A,N/A,https://wanderingearl.com/how-much-money-do-you-need-to-start-a-life-of-travel/,Earl,wanderingearl.com
The Best Cafe in Lisbon – Cafe da Garagem,N/A,N/A,https://wanderingearl.com/best-cafe-in-lisbon/,Earl,wanderingearl.com
Thank You to the Militant Who Stole My Car!,N/A,N/A,https://wanderingearl.com/thank-you-to-the-militant-who-stole-my-car/,Earl,wanderingearl.com
"Spiti Valley, India: A Land Of Missing Roads",N/A,N/A,https://wanderingearl.com/spiti-valley-india-a-land-of-missing-roads/,Earl,wanderingearl.com
How To Survive An Eastern European Winter (Video),N/A,N/A,https://wanderingearl.com/how-to-survive-an-eastern-european-winter-video/,Earl,wanderingearl.com
How to Visit Any Country Over & Over Again & Still Love It,N/A,N/A,https://wanderingearl.com/how-to-visit-any-country-over-over-again-still-love-it/,Earl,wanderingearl.com
"Overseas, I Read That It’s Beautiful Over There",N/A,N/A,https://wanderingearl.com/overseas-its-beautiful-over-there/,Earl,wanderingearl.com
Spending Some Time in a Place Called Old Lyme,N/A,N/A,https://wanderingearl.com/spending-some-time-in-a-place-called-old-lyme/,Earl,wanderingearl.com
Eurail Adventure: Sighisoara to Sibiu,N/A,N/A,https://wanderingearl.com/eurail-adventure-sighisoara-to-sibiu/,Earl,wanderingearl.com
There’s Nothing Wrong With A 40-Hour Workweek,N/A,N/A,https://wanderingearl.com/theres-nothing-wrong-with-a-40-hour-workweek/,Earl,wanderingearl.com
The Night I Felt The Powerful Vibe Of South Africa,N/A,N/A,https://wanderingearl.com/the-night-i-felt-the-powerful-vibe-of-south-africa/,Earl,wanderingearl.com
"A Chinese Bar, Shisha & Sexy, Sexy In Iraq",N/A,N/A,https://wanderingearl.com/a-chinese-bar-shisha-sexy-sexy-in-iraq/,Earl,wanderingearl.com
"Camping, Kangaroos & A Fine Looking Teepee",N/A,N/A,https://wanderingearl.com/camping-kangaroos-a-fine-looking-teepee/,Earl,wanderingearl.com
How I Make Money Online To Support My Travels,N/A,N/A,https://wanderingearl.com/how-i-make-money-online-to-support-my-travels/,Earl,wanderingearl.com
How To Get A Job On Board Cruise Ships,N/A,N/A,https://wanderingearl.com/how-to-get-a-job-on-board-cruise-ships/,Earl,wanderingearl.com
How To Find An Apartment In Playa del Carmen,N/A,N/A,https://wanderingearl.com/how-to-find-an-apartment-in-playa-del-carmen/,Earl,wanderingearl.com
Poll: Where In The World Would You Like To Travel?,N/A,N/A,https://wanderingearl.com/poll-where-in-the-world-would-you-like-to-travel/,Earl,wanderingearl.com
Save Money By Booking Two Separate Flight Tickets,N/A,N/A,https://wanderingearl.com/save-money-by-booking-two-separate-flight-tickets/,Earl,wanderingearl.com
Frustration During Travel…What To Do?,N/A,N/A,https://wanderingearl.com/frustration-during-travel-what-to-do/,Earl,wanderingearl.com
"Kotor, Montenegro: Straight Into A Brilliant Fairy Tale",N/A,N/A,https://wanderingearl.com/kotor-montenegro-straight-into-a-fairy-tale/,Earl,wanderingearl.com
Atlantic City: Two Days Of Losing Money,N/A,N/A,https://wanderingearl.com/atlantic-city-losing-money/,Earl,wanderingearl.com
How Apartment Hunting Taught Me About Goals…And Jambalaya,N/A,N/A,https://wanderingearl.com/how-apartment-hunting-taught-me-about-goals-and-jambalaya/,Earl,wanderingearl.com
"My 2017 Travel Favorites (countries, food, gear and more!)",N/A,N/A,https://wanderingearl.com/2017-travel-favorites/,Earl,wanderingearl.com
"A Quick Travel Guide to Dili, East Timor",N/A,N/A,https://wanderingearl.com/quick-travel-guide-to-dili-east-timor/,Earl,wanderingearl.com
5 Weeks in Las Palmas de Gran Canaria (A New Experiment),N/A,N/A,https://wanderingearl.com/5-weeks-in-las-palmas-new-experiment/,Earl,wanderingearl.com
Mexico’s Cenotes: Located In My Backyard,N/A,N/A,https://wanderingearl.com/mexicos-cenotes/,Earl,wanderingearl.com
A Quick Word About Pre-Trip Planning,N/A,N/A,https://wanderingearl.com/a-quick-word-about-pre-trip-planning/,Earl,wanderingearl.com
"4 Day Chernobyl Trip: Impressions, Advice and Photos",N/A,N/A,https://wanderingearl.com/4-day-chernobyl-trip-impressions-advice-photos/,Earl,wanderingearl.com
Playa del Carmen: Such A Good Place To Live,N/A,N/A,https://wanderingearl.com/playa-del-carmen-such-a-good-place-to-live/,Earl,wanderingearl.com
Poll Results: Incredible India Takes First Place,N/A,N/A,https://wanderingearl.com/poll-results-incredible-india-takes-first-place/,Earl,wanderingearl.com
Choosing My Next Travel Destination… Help Needed!,N/A,N/A,https://wanderingearl.com/choosing-next-travel-destination/,Earl,wanderingearl.com
Seychelles: My Affordable Trip to Paradise (it’s possible!),N/A,N/A,https://wanderingearl.com/seychelles-affordable-trip-paradise/,Earl,wanderingearl.com
Renting A Short-Term Apartment While Traveling,N/A,N/A,https://wanderingearl.com/apartment/,Earl,wanderingearl.com
Travel Friendships – Far More Powerful Than We Think,N/A,N/A,https://wanderingearl.com/travel-friendships-far-more-powerful-than-we-think/,Earl,wanderingearl.com
Incredible Rio de Janeiro Hang Gliding Experience,N/A,N/A,https://wanderingearl.com/rio-de-janeiro-hang-gliding/,Earl,wanderingearl.com
My Mexican Neighborhood Teaches Me About Making Judgments,N/A,N/A,https://wanderingearl.com/a-scary-man-in-a-truck-teaches-me-about-making-judgments/,Earl,wanderingearl.com
An Open-Minded Octogenarian Visits Mexico,N/A,N/A,https://wanderingearl.com/an-open-minded-octogenarian-visits-mexico/,Earl,wanderingearl.com
I Can’t Believe I’m Back in South Africa!,N/A,N/A,https://wanderingearl.com/i-cant-believe-im-back-in-south-africa/,Earl,wanderingearl.com
Do You Need A University Degree To Travel Long-Term?,N/A,N/A,https://wanderingearl.com/do-you-need-a-university-degree-to-travel-long-term/,Earl,wanderingearl.com
How Much Would You Pay This Rickshaw Driver In India?,N/A,N/A,https://wanderingearl.com/how-much-would-you-pay-this-rickshaw-driver-india/,Earl,wanderingearl.com
No More Google Reader As Of July 1st – Here’s Some Alternatives,N/A,N/A,https://wanderingearl.com/no-more-google-reader-as-of-july-1st-heres-some-alternatives/,Earl,wanderingearl.com
Do You Have Enough Confidence to Travel? You Should.,N/A,N/A,https://wanderingearl.com/do-you-have-enough-confidence-to-travel/,Earl,wanderingearl.com
Travel Clothes Perfected With Aviator Jeans,N/A,N/A,https://wanderingearl.com/travel-clothes-perfected-aviator-jeans/,Earl,wanderingearl.com
Why Your Travels (And Life) Should Never Go According To Plan,N/A,N/A,https://wanderingearl.com/why-your-travels-life-should-never-go-according-to-plan/,Earl,wanderingearl.com
eSIM Card for Travel to Japan,N/A,N/A,https://wanderingearl.com/esim-card-for-travel-to-japan/,Earl,wanderingearl.com
What Happens When You Drink Tepache in Mexico,N/A,N/A,https://wanderingearl.com/what-happens-when-you-drink-tepache-in-mexico/,Earl,wanderingearl.com
What’s In The Closet…A Look At Everything I Own,N/A,N/A,https://wanderingearl.com/whats-in-the-closet-a-look-at-everything-i-own/,Earl,wanderingearl.com
Our Vacation to South Africa (by Earl’s mom),N/A,N/A,https://wanderingearl.com/our-vacation-to-south-africa-by-earls-mom/,Earl,wanderingearl.com
Is Kenya or South Africa Better for a Safari?,N/A,N/A,https://wanderingearl.com/is-kenya-or-south-africa-better-for-a-safari/,Earl,wanderingearl.com
Some Cool Travel-Related Stuff From Around The Web,N/A,N/A,https://wanderingearl.com/some-cool-travel-related-stuff-from-around-the-web/,Earl,wanderingearl.com
Wandering Earl Tours for 2017,N/A,N/A,https://wanderingearl.com/wandering-earl-tours-2017/,Earl,wanderingearl.com
"A Rant About Travel, Awareness and Social Media",N/A,N/A,https://wanderingearl.com/rant-travel-awareness-social-media/,Earl,wanderingearl.com
The Best Beaches to Visit in Barbados,N/A,N/A,https://wanderingearl.com/the-best-beaches-to-visit-in-barbados/,Earl,wanderingearl.com
My Trip to Cuba: Day 1 (Walking 14km in Havana),N/A,N/A,https://wanderingearl.com/my-trip-to-cuba-day-1/,Earl,wanderingearl.com
Cambodia: Sitting In A Puddle On A Train,N/A,N/A,https://wanderingearl.com/cambodia-sitting-in-a-puddle-on-a-train/,Earl,wanderingearl.com
Announcing More “Wandering Earl Tours” for 2013!,N/A,N/A,https://wanderingearl.com/announcing-new-wandering-earl-tours-for-2013/,Earl,wanderingearl.com
Everything I Thought About South Africa Was Wrong,N/A,N/A,https://wanderingearl.com/everything-i-thought-about-south-africa-was-wrong/,Earl,wanderingearl.com
How To Eat A Mexican Tostada (Video),N/A,N/A,https://wanderingearl.com/how-to-eat-a-mexican-tostada-video/,Earl,wanderingearl.com
How the Man Cleaning Your Toilet on a Cruise Ship Can Afford…,N/A,N/A,https://wanderingearl.com/how-the-man-cleaning-your-toilet-on-a-cruise-ship-can-afford-a-mansion-on-bali-and-how-you-can-too/,Earl,wanderingearl.com
Using an Orange eSIM While Traveling Around Europe,N/A,N/A,https://wanderingearl.com/using-an-orange-esim-while-traveling-around-europe/,Earl,wanderingearl.com
How to Bargain in Foreign Countries,N/A,N/A,https://wanderingearl.com/how-to-bargain-in-foreign-countries/,Earl,wanderingearl.com
"My Experience In Tamga, Kyrgyzstan Is Exactly Why I Love Travel",N/A,N/A,https://wanderingearl.com/experience-tamga-kyrgyzstan-exactly-love-travel/,Earl,wanderingearl.com
Most Scenic Villages in Germany,N/A,N/A,https://wanderingearl.com/most-scenic-villages-in-germany/,Earl,wanderingearl.com
What It’s Like To Travel To North Korea,N/A,N/A,https://wanderingearl.com/what-its-like-to-travel-to-north-korea/,Earl,wanderingearl.com
Seafood Poisoning Is Less Fun Than I Ever Imagined,N/A,N/A,https://wanderingearl.com/seafood-poisoning-is-less-fun-than-i-ever-imagined/,Earl,wanderingearl.com
Volunteering At Mother Teresa’s Home For The Dying,N/A,N/A,https://wanderingearl.com/volunteering-at-mother-teresas-home-for-the-dying/,Earl,wanderingearl.com
"Life is Good in Sayulita, Mexico",N/A,N/A,https://wanderingearl.com/life-is-good-in-sayulita-mexico/,Earl,wanderingearl.com
Do You Shave Your Underarms Too?,N/A,N/A,https://wanderingearl.com/do-you-shave-your-underarms-too/,Earl,wanderingearl.com
The Day US Immigration Actually Welcomed Me Home,N/A,N/A,https://wanderingearl.com/the-day-us-immigration-welcomed-me-home/,Earl,wanderingearl.com
Let’s Talk About Tourist Crowds (Are They Everywhere?),N/A,N/A,https://wanderingearl.com/lets-talk-about-tourist-crowds/,Earl,wanderingearl.com
How I Carry My Money While Traveling,N/A,N/A,https://wanderingearl.com/how-i-carry-my-money-while-traveling/,Earl,wanderingearl.com
"Friendship and Travel: So Many Friends, So Many Goodbyes",N/A,N/A,https://wanderingearl.com/friendship-and-travel-so-many-friends-so-many-goodbyes/,Earl,wanderingearl.com
How Can We Help You Travel?,N/A,N/A,https://wanderingearl.com/how-can-we-help-you-travel/,Earl,wanderingearl.com
How To Avoid Being Ripped Off By Taxi Drivers,N/A,N/A,https://wanderingearl.com/how-to-avoid-being-ripped-off-by-taxi-drivers/,Earl,wanderingearl.com
Why I Work 90 Hours Per Week,N/A,N/A,https://wanderingearl.com/why-i-work-90-hours-per-week/,Earl,wanderingearl.com
XShot Photos & A Wacky Video From A Remote Lighthouse,N/A,N/A,https://wanderingearl.com/xshot-series-all-alone-at-a-remote-lighthouse/,Earl,wanderingearl.com
The Benefits of TSA Pre✓®,N/A,N/A,https://wanderingearl.com/the-benefits-of-tsa-precheck/,Earl,wanderingearl.com
A Moment’s Loss of Faith in Humanity,N/A,N/A,https://wanderingearl.com/a-moments-loss-of-faith-in-humanity/,Earl,wanderingearl.com
Nightlife Ideas When in Prague,N/A,N/A,https://wanderingearl.com/nightlife-ideas-when-in-prague/,Earl,wanderingearl.com
How to Plan for Expat Life Around the World,N/A,N/A,https://wanderingearl.com/how-to-plan-for-expat-life-around-the-world/,Earl,wanderingearl.com
"Short Guide to Mauritius – A Laid-Back, Tropical Island",N/A,N/A,https://wanderingearl.com/short-guide-to-mauritius/,Earl,wanderingearl.com
"Fun Group Activities in New South Wales, Australia",N/A,N/A,https://wanderingearl.com/fun-group-activities-in-new-south-wales-australia/,Earl,wanderingearl.com
The Books I’ve Been Reading Lately,N/A,N/A,https://wanderingearl.com/the-books-ive-been-reading-lately/,Earl,wanderingearl.com
Best Things to Do on Your Trip to California,N/A,N/A,https://wanderingearl.com/best-things-to-do-on-your-trip-to-california/,Earl,wanderingearl.com
Best Things to Do on Your Trip to Italy,N/A,N/A,https://wanderingearl.com/best-things-to-do-on-your-trip-to-italy/,Earl,wanderingearl.com
Eurail Adventure: Bucharest to Targoviste,N/A,N/A,https://wanderingearl.com/eurail-adventure-bucharest-to-targoviste/,Earl,wanderingearl.com
The Final Walk…Adios Mexico!,N/A,N/A,https://wanderingearl.com/the-final-walk-adios-mexico/,Earl,wanderingearl.com
"Valladolid, Samula and Mother’s Day Songs",N/A,N/A,https://wanderingearl.com/valladolid-samula-and-mothers-day-songs/,Earl,wanderingearl.com
Tips to Make Your Kauai Trip Unforgettable,N/A,N/A,https://wanderingearl.com/tips-to-make-your-kauai-trip-unforgettable/,Earl,wanderingearl.com
Accommodation In India…Some Of My Personal Favorites,N/A,N/A,https://wanderingearl.com/accommodation-in-india-some-of-my-personal-favorites/,Earl,wanderingearl.com
"Life of Travel: Episode 2 (Bundi, India)",N/A,N/A,https://wanderingearl.com/life-of-travel-episode-2-bundi-india/,Earl,wanderingearl.com
Cancun All-Inclusive Hotel to the Rescue,N/A,N/A,https://wanderingearl.com/cancun-all-inclusive-hotel-to-the-rescue/,Earl,wanderingearl.com
A Much Needed Visit To A Sheep Farm,N/A,N/A,https://wanderingearl.com/a-much-needed-visit-to-a-sheep-farm/,Earl,wanderingearl.com
Travel Questions Answered: September 2011,N/A,N/A,https://wanderingearl.com/travel-questions-answered-september-2011/,Earl,wanderingearl.com
Let’s Get To Know Each Other Better,N/A,N/A,https://wanderingearl.com/lets-get-to-know-each-other-better/,Earl,wanderingearl.com
How Much It Costs To Travel In Lebanon,N/A,N/A,https://wanderingearl.com/how-much-it-costs-to-travel-in-lebanon/,Earl,wanderingearl.com
Video: I’m Going On Vacation Tomorrow,N/A,N/A,https://wanderingearl.com/video-im-going-on-vacation-tomorrow/,Earl,wanderingearl.com
"Travel Rule: Buy Something, Throw Something Away",N/A,N/A,https://wanderingearl.com/travel-rule-buy-something-throw-something-away/,Earl,wanderingearl.com
Catamaran Rental in the Caribbean: Ultimate Island-Hopping Adventure,N/A,N/A,https://wanderingearl.com/catamaran-rental-in-the-caribbean-ultimate-island-hopping-adventure/,Earl,wanderingearl.com
My First Trip To Israel,N/A,N/A,https://wanderingearl.com/my-first-trip-to-israel/,Earl,wanderingearl.com
Best Places to Photograph Tigers in the Wild in India,N/A,N/A,https://wanderingearl.com/best-places-to-photograph-tigers-in-the-wild-in-india/,Earl,wanderingearl.com
Advice From A Solo Female Traveler Riding Around The World,N/A,N/A,https://wanderingearl.com/advice-solo-female-traveler-riding-around-world/,Earl,wanderingearl.com
What’s Your Favorite Charity and Why?,N/A,N/A,https://wanderingearl.com/whats-your-favorite-charity-and-why/,Earl,wanderingearl.com
How A Clock Tower In Albania Changed My Life,N/A,N/A,https://wanderingearl.com/how-a-clock-tower-in-albania-changed-my-life/,Earl,wanderingearl.com
Stuck In A Room Full Of Lace Panties Looking For Sexy Boots,N/A,N/A,https://wanderingearl.com/stuck-in-a-room-full-of-lace-panties-looking-for-sexy-boots/,Earl,wanderingearl.com
The Currency of Pad Thai,N/A,N/A,https://wanderingearl.com/the-currency-of-pad-thai/,Earl,wanderingearl.com
"Lake Bled, Slovenia: Not Just Another Lake",N/A,N/A,https://wanderingearl.com/lake-bled-slovenia-not-just-another-lake/,Earl,wanderingearl.com
Best Things to Do on Your Trip to Tirupati,N/A,N/A,https://wanderingearl.com/best-things-trip-tirupati/,Earl,wanderingearl.com
Countries You Can Visit For $1000 Or Less,N/A,N/A,https://wanderingearl.com/countries-you-can-visit-for-1000-or-less/,Earl,wanderingearl.com
"Dawood Hotel: The Best Hotel in Sanaa, Yemen",N/A,N/A,https://wanderingearl.com/dawood-hotel-the-best-hotel-in-sanaa-yemen/,Earl,wanderingearl.com
Another Extremely Important Reason To Travel,N/A,N/A,https://wanderingearl.com/another-extremely-important-reason-to-travel/,Earl,wanderingearl.com
Travel Products & Websites Worth Checking Out,N/A,N/A,https://wanderingearl.com/travel-products-websites-worth-checking-out/,Earl,wanderingearl.com
What’s Inside A Full-Time Traveler’s Suitcase,N/A,N/A,https://wanderingearl.com/full-time-traveler-suitcase/,Earl,wanderingearl.com
Arming My India Group With Quality Travel Products,N/A,N/A,https://wanderingearl.com/arming-my-india-group-with-a-few-quality-products/,Earl,wanderingearl.com
"From My Beach Hut…A Quick Guide to Palolem Beach, Goa",N/A,N/A,https://wanderingearl.com/from-my-beach-hut-a-quick-guide-to-palolem-beach-goa/,Earl,wanderingearl.com
Proof of Onward Travel – a Story and a Solution,N/A,N/A,https://wanderingearl.com/proof-of-onward-travel-a-story-and-a-solution/,Earl,wanderingearl.com
The Best Places for Active Adventures in Italy,N/A,N/A,https://wanderingearl.com/best-places-for-active-adventures-italy/,Earl,wanderingearl.com
The Mass Games in Pyongyang – Impressive & Frightening,N/A,N/A,https://wanderingearl.com/watching-the-mass-games-in-pyongyang/,Earl,wanderingearl.com
"Slovakia: Mud, Salt and Nudity at the Piestany Spa",N/A,N/A,https://wanderingearl.com/slovakia-mud-salt-and-nudity-at-the-piestany-spa/,Earl,wanderingearl.com
The Bizarre Magazine That Will Inspire You…to Shoot Marshmallows,N/A,N/A,https://wanderingearl.com/the-bizarre-magazine-that-will-inspire-you-to-shoot-marshmallows/,Earl,wanderingearl.com
A Spectacular Las Vegas and Grand Canyon Road Trip,N/A,N/A,https://wanderingearl.com/vegas-grand-canyon-road-trip/,Earl,wanderingearl.com
How to Have the Most Rewarding Time While Visiting Kyoto,N/A,N/A,https://wanderingearl.com/most-rewarding-time-while-visiting-kyoto/,Earl,wanderingearl.com
Visiting The Directorate of Residence In Kurdistan,N/A,N/A,https://wanderingearl.com/visiting-the-directorate-of-residence-in-kurdistan/,Earl,wanderingearl.com
Mexico: Secrets from a Cesspool,N/A,N/A,https://wanderingearl.com/mexico-secrets-from-a-cesspool/,Earl,wanderingearl.com
It’s Okay To Be A Non-Digital Nomad,N/A,N/A,https://wanderingearl.com/non-digital-nomad/,Earl,wanderingearl.com
Travel Expectations Vs Reality,N/A,N/A,https://wanderingearl.com/travel-expectations-vs-reality/,Earl,wanderingearl.com
Use Your Wanderlust to Inspire: How to write about your travels,N/A,N/A,https://wanderingearl.com/use-your-wanderlust-to-inspire-how-to-write-about-your-travels/,Earl,wanderingearl.com
An Early Morning Stare Down With An African Lion,N/A,N/A,https://wanderingearl.com/an-early-morning-stare-down-with-an-african-lion/,Earl,wanderingearl.com
How You Can Live A Life Of Travel,N/A,N/A,https://wanderingearl.com/how-you-can-live-a-life-of-travel/,Earl,wanderingearl.com
Life of Travel: Episode 1 (Gran Canaria),N/A,N/A,https://wanderingearl.com/life-travel-episode-1-gran-canaria/,Earl,wanderingearl.com
How I Learned Spanish By Doing Nothing,N/A,N/A,https://wanderingearl.com/how-i-learned-spanish-by-doing-nothing/,Earl,wanderingearl.com
The Melbourne I Call Home,N/A,N/A,https://wanderingearl.com/the-melbourne-i-call-home/,Earl,wanderingearl.com
Video: Announcing My Travel Plans From The Bathtub,N/A,N/A,https://wanderingearl.com/video-announcing-my-travel-plans-from-the-bathtub/,Earl,wanderingearl.com
"You’re Still Young, Do It While You Can",N/A,N/A,https://wanderingearl.com/youre-still-young-do-it-while-you-can/,Earl,wanderingearl.com
How Many Beds Have You Slept In?,N/A,N/A,https://wanderingearl.com/how-many-beds-have-you-slept-in/,Earl,wanderingearl.com
I’m Confused About Life Just Like Everyone Else,N/A,N/A,https://wanderingearl.com/confused-about-life-just-like-everyone-else/,Earl,wanderingearl.com
"Swimming With Sharks – Holbox, Mexico",N/A,N/A,https://wanderingearl.com/swimming-with-sharks-holbox-mexico/,Earl,wanderingearl.com
My Year In Travel…A Look Back At 2012,N/A,N/A,https://wanderingearl.com/my-year-in-travel-a-look-back-at-2012/,Earl,wanderingearl.com
There Is More To The World Than The Pyramids Of Giza,N/A,N/A,https://wanderingearl.com/there-is-more-to-the-world-than-the-pyramids-of-giza/,Earl,wanderingearl.com
I Love Las Vegas and I’m Not Ashamed,N/A,N/A,https://wanderingearl.com/i-love-las-vegas-not-ashamed/,Earl,wanderingearl.com
The “One Person Rule” That Can Change It All,N/A,N/A,https://wanderingearl.com/the-one-person-rule/,Earl,wanderingearl.com
What Does Travel Mean To You?,N/A,N/A,https://wanderingearl.com/what-does-travel-mean-to-you/,Earl,wanderingearl.com
An Interview with Nomadic Matt: Ten Years A Nomad,N/A,N/A,https://wanderingearl.com/interview-nomadic-matt-ten-years-a-nomad/,Earl,wanderingearl.com
My Favorite Travel Destinations In Eastern Europe,N/A,N/A,https://wanderingearl.com/favorite-travel-destinations-in-eastern-europe/,Earl,wanderingearl.com
Yacht Rentals Greece: Best Routes for Families and Adventure Seekers,N/A,N/A,https://wanderingearl.com/yacht-rentals-greece-best-routes-for-families-and-adventure-seekers/,Earl,wanderingearl.com
Join The Live Travel Chat Tomorrow!,N/A,N/A,https://wanderingearl.com/join-the-live-travel-chat-tomorrow/,Earl,wanderingearl.com
"Why Travelers Drive Buses, Ride Scooters & Pet Tigers",N/A,N/A,https://wanderingearl.com/why-travelers-drive-buses-ride-scooters-pet-tigers/,Earl,wanderingearl.com
The Most Important Travel Rule,N/A,N/A,https://wanderingearl.com/the-most-important-travel-rule/,Earl,wanderingearl.com
Why Travel Planning Can Be Dangerous,N/A,N/A,https://wanderingearl.com/why-travel-planning-can-be-dangerous/,Earl,wanderingearl.com
Introducing My New Site Design,N/A,N/A,https://wanderingearl.com/introducing-my-new-site-design/,Earl,wanderingearl.com
Active Holiday Ideas in the French Alps for Solo Travelers,N/A,N/A,https://wanderingearl.com/active-holiday-ideas-in-the-french-alps-for-solo-travelers/,Earl,wanderingearl.com
What Do You Want To Know About Travel? Ask Away!,N/A,N/A,https://wanderingearl.com/what-do-you-want-to-know-about-travel-ask-away/,Earl,wanderingearl.com
How Not To Get An Indian Visa,N/A,N/A,https://wanderingearl.com/how-not-to-get-an-indian-visa/,Earl,wanderingearl.com
Wandering Earl: Live From Here! (New Travel Video Series),N/A,N/A,https://wanderingearl.com/live-from-here-travel-video-series/,Earl,wanderingearl.com
My Asylum From The Insanity Of Travel,N/A,N/A,https://wanderingearl.com/my-asylum-from-the-insanity-of-travel/,Earl,wanderingearl.com
The Dumbest Things I’ve Done While Traveling,N/A,N/A,https://wanderingearl.com/the-dumbest-things-ive-done-while-traveling/,Earl,wanderingearl.com
"When You’re On The Road, Sick & All Alone",N/A,N/A,https://wanderingearl.com/when-youre-on-the-road-sick-all-alone/,Earl,wanderingearl.com
I Went To South Africa & Adopted A Penguin,N/A,N/A,https://wanderingearl.com/i-went-to-south-africa-adopted-a-penguin/,Earl,wanderingearl.com
Standing Speechless at a Communal Sink,N/A,N/A,https://wanderingearl.com/standing-speechless-at-a-communal-sink/,Earl,wanderingearl.com
How To Rent An Expensive Apartment For A Budget Price When Traveling,N/A,N/A,https://wanderingearl.com/how-to-rent-an-expensive-apartment-for-a-budget-price-when-traveling/,Earl,wanderingearl.com
"Would I Live in Playa del Carmen, Mexico Again?",N/A,N/A,https://wanderingearl.com/would-i-live-in-playa-del-carmen-again/,Earl,wanderingearl.com
Eurail Adventure: Vienna to Ljubljana,N/A,N/A,https://wanderingearl.com/eurail-adventure-vienna-to-ljubljana/,Earl,wanderingearl.com
Why I’m Not In Kyrgyzstan Right Now,N/A,N/A,https://wanderingearl.com/why-im-not-in-kyrgyzstan-right-now/,Earl,wanderingearl.com
Romania Road Trip – Part 2: Underground & Way Up High,N/A,N/A,https://wanderingearl.com/romania-road-trip-part-2-underground-way-up-high/,Earl,wanderingearl.com
Places Around The World That I Shall Never Forget,N/A,N/A,https://wanderingearl.com/places-around-the-world-that-i-shall-never-forget/,Earl,wanderingearl.com
Travel Questions Answered: July 2011,N/A,N/A,https://wanderingearl.com/travel-questions-answered-july-2011/,Earl,wanderingearl.com
You Can’t Fail At Traveling The World,N/A,N/A,https://wanderingearl.com/you-cant-fail-at-traveling-the-world/,Earl,wanderingearl.com
Best Alternative Honeymoon Destinations,N/A,N/A,https://wanderingearl.com/best-alternative-honeymoon-destinations/,Earl,wanderingearl.com
How to Prepare for Life as a Digital Nomad,N/A,N/A,https://wanderingearl.com/how-to-prepare-for-life-as-a-digital-nomad/,Earl,wanderingearl.com
The Wandering Earl “Welcome to India” Tour 2012,N/A,N/A,https://wanderingearl.com/wandering-earl-india-tour-2012/,Earl,wanderingearl.com
Is This The Worst or The Best Hotel in Mumbai?,N/A,N/A,https://wanderingearl.com/is-this-the-worst-or-the-best-hotel-in-mumbai/,Earl,wanderingearl.com
Experiencing the Best of Paris: A Traveler’s Guide,N/A,N/A,https://wanderingearl.com/experiencing-the-best-of-paris-a-travelers-guide/,Earl,wanderingearl.com
Why Have Travelers Stopped Talking To Each Other?,N/A,N/A,https://wanderingearl.com/why-have-travelers-stopped-talking-to-each-other/,Earl,wanderingearl.com
A Stroll Along Istiklal Street in Istanbul,N/A,N/A,https://wanderingearl.com/a-stroll-along-istiklal-street-in-istanbul/,Earl,wanderingearl.com
I’ve Now Been On The Road For 5000 Days…,N/A,N/A,https://wanderingearl.com/now-been-on-the-road-for-5000-days/,Earl,wanderingearl.com
42 Ways You Can Make Money and Travel the World,N/A,N/A,https://wanderingearl.com/42-ways-you-can-make-money-and-travel-the-world/,Earl,wanderingearl.com
An Update About My Wandering Earl Tours Project,N/A,N/A,https://wanderingearl.com/an-update-about-my-wandering-earl-tours-project/,Earl,wanderingearl.com
Every Country Is The Friendliest Country In The World,N/A,N/A,https://wanderingearl.com/every-country-is-the-friendliest-country-in-the-world/,Earl,wanderingearl.com
Announcing my “Wandering Earl Tours” for 2015,N/A,N/A,https://wanderingearl.com/announcing-wandering-earl-tours-2015/,Earl,wanderingearl.com
"Exploring Havana: Pork, Prostitutes & Plastic Bags",N/A,N/A,https://wanderingearl.com/exploring-havana-pork-prostitutes-plastic-bags/,Earl,wanderingearl.com
Traveling Guide: Top Tips and Traveling Essentials for Rookies,N/A,N/A,https://wanderingearl.com/traveling-guide-top-tips-and-traveling-essentials-for-rookies/,Earl,wanderingearl.com
How I Started A Small Tour Company,N/A,N/A,https://wanderingearl.com/started-small-tour-company/,Earl,wanderingearl.com
The Strange Habits Of A Traveler,N/A,N/A,https://wanderingearl.com/the-strange-habits-of-a-traveler/,Earl,wanderingearl.com
My New Laptop & An Offer From Travel Blog Success,N/A,N/A,https://wanderingearl.com/new-laptop-offer-travel-blog-success/,Earl,wanderingearl.com
Simple Browser Extension Automatically Finds Cheaper Flights,N/A,N/A,https://wanderingearl.com/simple-browser-extension-finds-cheaper-flights/,Earl,wanderingearl.com
The Unsung Hero That Makes My Travels Safer,N/A,N/A,https://wanderingearl.com/unsung-hero-that-makes-my-travels-safer/,Earl,wanderingearl.com
Is Yemen Safe For Travelers?,N/A,N/A,https://wanderingearl.com/is-yemen-safe-for-travelers/,Earl,wanderingearl.com
Minor Observations On Life From An Airport,N/A,N/A,https://wanderingearl.com/observations-from-an-airport/,Earl,wanderingearl.com
Guest Post at QuestForBalance.com!,N/A,N/A,https://wanderingearl.com/guest-post-at-quest4balance-com/,Earl,wanderingearl.com
I Think I’ll Travel To South Africa On Saturday,N/A,N/A,https://wanderingearl.com/i-think-ill-travel-to-south-africa-on-saturday/,Earl,wanderingearl.com
Unexpected Encounters With Intriguing People,N/A,N/A,https://wanderingearl.com/unexpected-encounters-with-intriguing-people/,Earl,wanderingearl.com
How Does A Permanent Nomad Pack?,N/A,N/A,https://wanderingearl.com/how-does-a-permanent-nomad-pack/,Earl,wanderingearl.com
Explore Underrated Destinations with Your Partner,N/A,N/A,https://wanderingearl.com/explore-underrated-destinations-with-your-partner/,Earl,wanderingearl.com
Your Travel Questions Answered – August 2011,N/A,N/A,https://wanderingearl.com/your-travel-questions-answered-august-2011/,Earl,wanderingearl.com
Choosing the Perfect European Spring Getaway,N/A,N/A,https://wanderingearl.com/choosing-the-perfect-european-spring-getaway/,Earl,wanderingearl.com
You Know You’re Traveling In Kyrgyzstan When…,N/A,N/A,https://wanderingearl.com/how-to-know-youre-traveling-in-kyrgyzstan/,Earl,wanderingearl.com
Why You Should Visit South Caucasus,N/A,N/A,https://wanderingearl.com/why-you-should-visit-south-caucasus/,Earl,wanderingearl.com
I Want To Thank Each & Every One Of You,N/A,N/A,https://wanderingearl.com/i-want-to-thank-each-every-one-of-you/,Earl,wanderingearl.com
What to Know About Bourbon Street Before You Go,N/A,N/A,https://wanderingearl.com/what-to-know-about-bourbon-street/,Earl,wanderingearl.com
The Barossa Valley & A $975 Bottle Of Wine,N/A,N/A,https://wanderingearl.com/the-barossa-valley-a-975-bottle-of-wine/,Earl,wanderingearl.com
An Animal Rescue Center Every Traveler To India Should Visit,N/A,N/A,https://wanderingearl.com/animal-rescue-center-every-traveler-to-india-should-visit/,Earl,wanderingearl.com
How Easy is it to Solo Travel in 2025?,N/A,N/A,https://wanderingearl.com/how-easy-is-it-to-solo-travel-in-2025/,Earl,wanderingearl.com
"18 Days in a Super Beautiful, Remote Part of Mexico",N/A,N/A,https://wanderingearl.com/18-days-beautiful-remote-part-of-mexico/,Earl,wanderingearl.com
Taxes for Travelers Abroad: 5 Things You Need To Know,N/A,N/A,https://wanderingearl.com/taxes-for-travelers-abroad-5-things-you-need-to-know/,Earl,wanderingearl.com
How I Choose My Destinations & Prepare For Each Trip,N/A,N/A,https://wanderingearl.com/how-i-choose-my-destinations-prepare-for-each-trip/,Earl,wanderingearl.com
A Toast to My Kelty Redwing 2900 Backpack,N/A,N/A,https://wanderingearl.com/a-toast-to-kelty-redwing-2900/,Earl,wanderingearl.com
The Food Stall On The Street Corner,N/A,N/A,https://wanderingearl.com/the-food-stall-on-the-street-corner/,Earl,wanderingearl.com
"A Perfect, Affordable Beach Destination – Unawatuna, Sri Lanka",N/A,N/A,https://wanderingearl.com/perfect-affordable-beach-destination-unawatuna-sri-lanka/,Earl,wanderingearl.com
What’s Wrong With Visiting Our Parents?,N/A,N/A,https://wanderingearl.com/whats-wrong-with-visiting-our-parents/,Earl,wanderingearl.com
The Day US Customs Found A Bullet In My Pocket,N/A,N/A,https://wanderingearl.com/the-day-us-customs-found-a-bullet-in-my-pocket/,Earl,wanderingearl.com
My Name is Matcha and This is My Incredible Story!,N/A,N/A,https://wanderingearl.com/my-name-is-matcha-bali-cat/,Earl,wanderingearl.com
Why I Shouldn’t Complain About Wet Socks,N/A,N/A,https://wanderingearl.com/why-i-shouldnt-complain-about-wet-socks/,Earl,wanderingearl.com
Should You Start Traveling Now or Later?,N/A,N/A,https://wanderingearl.com/should-you-start-traveling-now-or-later/,Earl,wanderingearl.com
"Mexico…Here I Come, Again!",N/A,N/A,https://wanderingearl.com/mexico-here-i-come-again/,Earl,wanderingearl.com
Is it Really Possible to ‘Live Life to the Fullest’?,N/A,N/A,https://wanderingearl.com/really-possible-live-life-to-the-fullest/,Earl,wanderingearl.com
Am I Destined To Wander The World All Alone?,N/A,N/A,https://wanderingearl.com/relationships-while-traveling-am-i-a-hermit/,Earl,wanderingearl.com
From Worthless Bum to Long-Jump Champion,N/A,N/A,https://wanderingearl.com/from-worthless-bum-to-long-jump-champion/,Earl,wanderingearl.com
Two Weeks in Kyoto: Everything You Need to Know,N/A,N/A,https://wanderingearl.com/two-weeks-in-kyoto-everything-you-need-to-know/,Earl,wanderingearl.com
How to Handle a Sudden Change of Travel Plans,N/A,N/A,https://wanderingearl.com/how-to-handle-sudden-change-of-travel-plans/,Earl,wanderingearl.com
The Greatest Lesson I’ve Learned From Travel,N/A,N/A,https://wanderingearl.com/the-greatest-lesson-ive-learned-from-travel/,Earl,wanderingearl.com
Is January the Cheapest Month to Travel?,N/A,N/A,https://wanderingearl.com/january-cheapest-month-travel/,Earl,wanderingearl.com
Are You A Messy Traveler Too?,N/A,N/A,https://wanderingearl.com/are-you-a-messy-traveler-too/,Earl,wanderingearl.com
Welcome to My Life of Travel – Intro,N/A,N/A,https://wanderingearl.com/welcome-to-my-life-of-travel-intro/,Earl,wanderingearl.com
VIDEO: “Surfing Without Lessons”,N/A,N/A,https://wanderingearl.com/video-surfing-without-lessons/,Earl,wanderingearl.com
The Bookbinder of Cascais (The One Thing You Need To Do In Cascais),N/A,N/A,https://wanderingearl.com/highlight-of-cascais-bookbinder/,Earl,wanderingearl.com
Setting Up Your eSIM: A Beginner’s Guide,N/A,N/A,https://wanderingearl.com/setting-up-your-esim-a-beginners-guide/,Earl,wanderingearl.com
Spanish Residency Card (TIE): All You Need to Know,N/A,N/A,https://wanderingearl.com/spanish-residency-card-tie-all-you-need-to-know/,Earl,wanderingearl.com
How To Fund Your Travels With Creativity,N/A,N/A,https://wanderingearl.com/how-to-fund-your-travels-with-creativity/,Earl,wanderingearl.com
"A Decade of Wandering Ends, Another One Begins (Part 1)",N/A,N/A,https://wanderingearl.com/a-decade-of-wandering-ends-another-one-begins-part-1/,Earl,wanderingearl.com
2016: A Most Fascinating and Unexpected Journey,N/A,N/A,https://wanderingearl.com/2016-fascinating-unexpected-journey/,Earl,wanderingearl.com
Every Trip Is A Trip Of A Lifetime,N/A,N/A,https://wanderingearl.com/every-trip-is-a-trip-of-a-lifetime/,Earl,wanderingearl.com
Reactions to My Romanian Visa Post (and my response),N/A,N/A,https://wanderingearl.com/reactions-to-my-romanian-visa-post/,Earl,wanderingearl.com
Central America & Mexico ROUNDUP,N/A,N/A,https://wanderingearl.com/central-america-mexico-roundup/,Earl,wanderingearl.com
Video: The Disturbing Truth About Life As A Backpacker,N/A,N/A,https://wanderingearl.com/video-the-disturbing-truth-about-life-as-a-backpacker/,Earl,wanderingearl.com
Wandering Earl Tours – Announcing New Trips For 2014!,N/A,N/A,https://wanderingearl.com/wandering-earl-tours-new-trips-for-2014/,Earl,wanderingearl.com
Amid The Ruins Of War In Bosnia & Herzegovina,N/A,N/A,https://wanderingearl.com/amid-the-ruins-of-war-in-bosnia-herzegovina/,Earl,wanderingearl.com
Travel Ideas for 2010: Why are Camels so Expensive?,N/A,N/A,https://wanderingearl.com/travel-ideas-for-2010-why-are-camels-so-expensive/,Earl,wanderingearl.com
I Bought A Zoo While Traveling In Mexico,N/A,N/A,https://wanderingearl.com/i-bought-a-zoo-while-traveling-in-mexico/,Earl,wanderingearl.com
Why I’m Concerned About Travel Blogging,N/A,N/A,https://wanderingearl.com/why-concerned-about-travel-blogging/,Earl,wanderingearl.com
"My Travels to Dakhla, Western Sahara: Straight Into the Unknown",N/A,N/A,https://wanderingearl.com/travel-to-dakhla-western-sahara/,Earl,wanderingearl.com
How to Enjoy Local Travel Experiences – The 5-Minute Rule,N/A,N/A,https://wanderingearl.com/local-travel-experiences-5-minute-rule/,Earl,wanderingearl.com
Is Mexico Safe To Visit?,N/A,N/A,https://wanderingearl.com/is-mexico-safe-to-visit/,Earl,wanderingearl.com
This Is The Incredible India That I Love So Much,N/A,N/A,https://wanderingearl.com/this-is-the-incredible-india-that-i-love-so-much/,Earl,wanderingearl.com
Travel Photography: Terrible Photos Of The Middle East,N/A,N/A,https://wanderingearl.com/travel-photography-terrible-photos-of-the-middle-east/,Earl,wanderingearl.com
Why I Won’t Attend Another Music Festival,N/A,N/A,https://wanderingearl.com/why-i-wont-attend-another-music-festival/,Earl,wanderingearl.com
A Test: Is Long-Term Travel Right For You?,N/A,N/A,https://wanderingearl.com/test-long-term-travel-right/,Earl,wanderingearl.com
The Simplest Hotel In The World,N/A,N/A,https://wanderingearl.com/the-simplest-hotel-in-the-world/,Earl,wanderingearl.com
How To Avoid Being Broke & Lost Once You Stop Traveling,N/A,N/A,https://wanderingearl.com/how-to-avoid-being-broke-lost-once-you-stop-traveling/,Earl,wanderingearl.com
The Biggest Traveling Tool Of 2010,N/A,N/A,https://wanderingearl.com/the-biggest-traveling-tool-of-2010/,Earl,wanderingearl.com
Exhausted But Not Ready To Sleep,N/A,N/A,https://wanderingearl.com/exhausted-but-not-ready-to-sleep/,Earl,wanderingearl.com
How I’ve Traveled the World for 18 Years,N/A,N/A,https://wanderingearl.com/how-ive-traveled-the-world-for-18-years/,Earl,wanderingearl.com
When Travel Plans (and Life) Suddenly Change,N/A,N/A,https://wanderingearl.com/when-travel-plans-and-life-suddenly-change/,Earl,wanderingearl.com
It’s All About The People You Meet Along The Way,N/A,N/A,https://wanderingearl.com/its-all-about-the-people-you-meet-along-the-way/,Earl,wanderingearl.com
"A Quick Travel Guide to Dakhla, Western Sahara",N/A,N/A,https://wanderingearl.com/travel-guide-to-dakhla-western-sahara/,Earl,wanderingearl.com
My ‘Infantile’ Views on Gay Marriage,N/A,N/A,https://wanderingearl.com/my-infantile-views-on-gay-marriage/,Earl,wanderingearl.com
The Most Frightening Kayak Trip On The Planet,N/A,N/A,https://wanderingearl.com/the-most-frightening-kayak-trip-on-the-planet/,Earl,wanderingearl.com
Buying a Macbook Pro…Was It A Good Decision?,N/A,N/A,https://wanderingearl.com/buying-a-macbook-pro-was-it-a-good-decision/,Earl,wanderingearl.com
Inexplicable Travel Habits of a Long-Term Traveler,N/A,N/A,https://wanderingearl.com/inexplicable-travel-habits-of-a-long-term-traveler/,Earl,wanderingearl.com
"Travel Hygiene: Are Travelers Dirty, Dirty People?",N/A,N/A,https://wanderingearl.com/travel-hygiene-are-travelers-dirty-people/,Earl,wanderingearl.com
The Night I Died In A Cafe,N/A,N/A,https://wanderingearl.com/the-night-i-died-in-a-cafe/,Earl,wanderingearl.com
How to Travel to Germany on a Budget,N/A,N/A,https://wanderingearl.com/how-to-travel-to-germany-on-a-budget/,Earl,wanderingearl.com
Eurail Adventure: Brasov to Sighisoara,N/A,N/A,https://wanderingearl.com/eurail-adventure-brasov-to-sighisoara/,Earl,wanderingearl.com
Halloween In Transylvania: My Lucky Graveyard Escape,N/A,N/A,https://wanderingearl.com/halloween-in-transylvania/,Earl,wanderingearl.com
Why I Haven’t Used Couchsurfing,N/A,N/A,https://wanderingearl.com/why-i-havent-used-couchsurfing/,Earl,wanderingearl.com
VIDEO: Saying Goodbye to My Passport,N/A,N/A,https://wanderingearl.com/saying-goodbye-to-my-passport/,Earl,wanderingearl.com
A Solo Travelers Guide to the Greek Ionian Islands,N/A,N/A,https://wanderingearl.com/a-solo-travelers-guide-to-the-greek-ionian-islands/,Earl,wanderingearl.com
Highlights From 12 Countries in Europe That I Visited This Year,N/A,N/A,https://wanderingearl.com/highlights-from-12-countries-in-europe/,Earl,wanderingearl.com
Best Adventure Travel Destinations for Animals Lovers,N/A,N/A,https://wanderingearl.com/best-adventure-travel-destinations-for-animals-lovers/,Earl,wanderingearl.com
Chewing Qat (aka “Getting High”) In Yemen,N/A,N/A,https://wanderingearl.com/chewing-qat-with-locals-in-yemen/,Earl,wanderingearl.com
The XShot – Why Every Traveler Should Carry One,N/A,N/A,https://wanderingearl.com/xshot-camera-extender-why-every-traveler-should-carry-one/,Earl,wanderingearl.com
A South African Township & My Zulu Warrior Dance,N/A,N/A,https://wanderingearl.com/a-south-african-township-my-zulu-warrior-dance/,Earl,wanderingearl.com
The Attack Of The Airport Touts,N/A,N/A,https://wanderingearl.com/the-attack-of-the-airport-touts/,Earl,wanderingearl.com
Why You Should Consider a Vacation to Jamaica,N/A,N/A,https://wanderingearl.com/why-you-should-consider-a-vacation-to-jamaica/,Earl,wanderingearl.com
"Live From Here (Episode 2): Jalal-abad, Kyrgyzstan",N/A,N/A,https://wanderingearl.com/live-from-here-episode-2-jalal-abad-kyrgyzstan/,Earl,wanderingearl.com
How Do I Survive? (and how you can survive too…),N/A,N/A,https://wanderingearl.com/how-do-i-survive-how-you-can-survive-too/,Earl,wanderingearl.com
How To Travel Long Distances For Little Money,N/A,N/A,https://wanderingearl.com/travel-planning/,Earl,wanderingearl.com
Wandering Earl’s Guide To Travel Blogging…Sort Of,N/A,N/A,https://wanderingearl.com/wandering-earls-guide-to-travel-blogging-sort-of/,Earl,wanderingearl.com
"Feeling Lost, Confused & Lonely While Traveling?",N/A,N/A,https://wanderingearl.com/feeling-lost-confused-lonely-while-traveling/,Earl,wanderingearl.com
Eurail Adventure: Bucharest to Brasov,N/A,N/A,https://wanderingearl.com/eurail-adventure-bucharest-to-brasov/,Earl,wanderingearl.com
How To Avoid Being Ripped Off When Buying Potatoes,N/A,N/A,https://wanderingearl.com/how-to-avoid-being-ripped-off-when-buying-potatoes/,Earl,wanderingearl.com
A Night Of Miracles In Cancun,N/A,N/A,https://wanderingearl.com/a-night-of-miracles-in-cancun/,Earl,wanderingearl.com
Why I Always Trust My Traveler Instinct,N/A,N/A,https://wanderingearl.com/why-i-always-trust-my-traveler-instinct/,Earl,wanderingearl.com
What The Worst Golf Shot Teaches Us About Travel,N/A,N/A,https://wanderingearl.com/worst-golf-shot-teaches-us-about-travel/,Earl,wanderingearl.com
Mobile Phones & Travel: Save Money With Local SIM Cards,N/A,N/A,https://wanderingearl.com/mobile-phones-travel-save-money-with-local-sim-cards/,Earl,wanderingearl.com
How to Save Money with Uber (quick and easy),N/A,N/A,https://wanderingearl.com/how-to-save-money-with-uber-quick-and-easy/,Earl,wanderingearl.com
My Time in Delhi,N/A,N/A,https://wanderingearl.com/my-time-in-delhi/,Earl,wanderingearl.com
Traveling With A Purpose,N/A,N/A,https://wanderingearl.com/traveling-with-a-purpose/,Earl,wanderingearl.com
I Love The Unknown,N/A,N/A,https://wanderingearl.com/i-love-the-unknown/,Earl,wanderingearl.com
A Galapagos Cruise On Board the Incredible Mary Anne,N/A,N/A,https://wanderingearl.com/galapagos-cruise-mary-anne-review/,Earl,wanderingearl.com
Essential Items Every Backpacker Should Pack for Safe Travels,N/A,N/A,https://wanderingearl.com/essential-items-every-backpacker-should-pack-for-safe-travels/,Earl,wanderingearl.com
"When We Can’t Afford to Fail, We Succeed",N/A,N/A,https://wanderingearl.com/cant-afford-fail-succeed/,Earl,wanderingearl.com
"End Of An Era: After 12 Years, It’s Time For A New Backpack",N/A,N/A,https://wanderingearl.com/end-of-an-era-after-12-years-its-time-for-a-new-backpack/,Earl,wanderingearl.com
Has Travel Made Me Dumber?,N/A,N/A,https://wanderingearl.com/has-travel-made-me-dumber/,Earl,wanderingearl.com
I’m Off to My Dream Destination for My 40th. Guess and Win!,N/A,N/A,https://wanderingearl.com/dream-destination-40th/,Earl,wanderingearl.com
Wandering Earl Tours 2016 – Announcement,N/A,N/A,https://wanderingearl.com/wandering-earl-tours-2016-announcement/,Earl,wanderingearl.com
Wandering Earl Tours 2015 (New Trips Announced!),N/A,N/A,https://wanderingearl.com/wandering-earl-tours-2015-new-trips-announced/,Earl,wanderingearl.com
Trover – A Travel App Definitely Worth Traveling With,N/A,N/A,https://wanderingearl.com/trover-travel-app-worth-traveling-with/,Earl,wanderingearl.com
Do I Need A Floating Camera Strap?,N/A,N/A,https://wanderingearl.com/do-i-need-a-floating-camera-strap/,Earl,wanderingearl.com
"Broken Bones, Handcuffs & Other Goals",N/A,N/A,https://wanderingearl.com/broken-bones-handcuffs-other-goals/,Earl,wanderingearl.com
Travel Hacking 101: How to Earn Free Flights and Free Hotel Stays,N/A,N/A,https://wanderingearl.com/travel-hacking-101-how-to-earn-free-flights-and-free-hotel-stays/,Earl,wanderingearl.com
Why I Took A Short Break From Everything,N/A,N/A,https://wanderingearl.com/why-i-took-short-break-from-everything/,Earl,wanderingearl.com
The Day I Saw a Headless Man in India (How Would You React?),N/A,N/A,https://wanderingearl.com/day-i-saw-headless-man-in-india-how-would-you-react/,Earl,wanderingearl.com
Traveling With Technology & How I Keep It All Safe,N/A,N/A,https://wanderingearl.com/traveling-with-technology-how-i-keep-it-safe/,Earl,wanderingearl.com
My Recent Experiences With PayPal & Award Wallet,N/A,N/A,https://wanderingearl.com/my-recent-experiences-with-paypal-award-wallet/,Earl,wanderingearl.com
How To Deal With The Culture Shock Of Big Cities,N/A,N/A,https://wanderingearl.com/how-to-deal-with-culture-shock-of-big-cities/,Earl,wanderingearl.com
Don’t Be Afraid To Kill Your ‘Babies’,N/A,N/A,https://wanderingearl.com/dont-be-afraid-to-kill-your-babies/,Earl,wanderingearl.com
Great Reasons to Visit Antarctica,N/A,N/A,https://wanderingearl.com/great-reasons-to-visit-antarctica/,Earl,wanderingearl.com
A Farewell to Ship Life,N/A,N/A,https://wanderingearl.com/farewell-to-ship-life/,Earl,wanderingearl.com
Video: Why You Should Travel To Socotra Island,N/A,N/A,https://wanderingearl.com/video-why-you-should-travel-to-socotra-island/,Earl,wanderingearl.com
Welcome To Syria My Friend!,N/A,N/A,https://wanderingearl.com/welcome-to-syria-my-friend/,Earl,wanderingearl.com
Long-time Friends and Long-term Travel,N/A,N/A,https://wanderingearl.com/long-time-friends-and-long-term-travel/,Earl,wanderingearl.com
A Random Day In The Life Of A Permanent Nomad,N/A,N/A,https://wanderingearl.com/a-random-day-in-the-life-of-a-permanent-nomad/,Earl,wanderingearl.com
The Day I Yelled At An Indian Man For No Reason,N/A,N/A,https://wanderingearl.com/the-day-i-yelled-at-an-indian-man-for-no-reason/,Earl,wanderingearl.com
I Have Absolutely Nothing To Say Today,N/A,N/A,https://wanderingearl.com/i-have-absolutely-nothing-to-say-today/,Earl,wanderingearl.com
Vegas for the Thrill-Seeker: High-Flying Adventures,N/A,N/A,https://wanderingearl.com/vegas-thrill-seeker-high-flying-adventures/,Earl,wanderingearl.com
"My 2 Week Trip to Zanzibar (beach huts, local food, activities and more)",N/A,N/A,https://wanderingearl.com/2-week-trip-to-zanzibar/,Earl,wanderingearl.com
"You Should Visit Riga, Latvia…It’s Quite Pleasant",N/A,N/A,https://wanderingearl.com/visit-riga-latvia-its-quite-pleasant/,Earl,wanderingearl.com
What It’s Like to Travel to East Timor,N/A,N/A,https://wanderingearl.com/what-its-like-to-travel-to-east-timor/,Earl,wanderingearl.com
Do Budget Travelers Travel In Comfort Or In Poverty?,N/A,N/A,https://wanderingearl.com/do-budget-travelers-travel-in-comfort/,Earl,wanderingearl.com
Two Days In Beijing & Where I’m Going Next!,N/A,N/A,https://wanderingearl.com/after-two-days-in-beijing-im-now-flying-to/,Earl,wanderingearl.com
"Join Me For A Tour Of Helsinki, Finland",N/A,N/A,https://wanderingearl.com/join-me-for-a-tour-of-helsinki-finland/,Earl,wanderingearl.com
Mexico: 2 Years In 2 Minutes,N/A,N/A,https://wanderingearl.com/mexico-2-years-in-2-minutes/,Earl,wanderingearl.com
WiseGifter: No More Useless Stuff!,N/A,N/A,https://wanderingearl.com/wisegifter-no-more-useless-stuff/,Earl,wanderingearl.com
A Perfect Week in Istanbul (recommendations and itinerary),N/A,N/A,https://wanderingearl.com/perfect-week-in-istanbul/,Earl,wanderingearl.com
Update: My Travel Plans For The Near Future,N/A,N/A,https://wanderingearl.com/my-travel-plans-for-the-near-future/,Earl,wanderingearl.com
Five Unusual Destinations Perfect for Outdoor Escapes,N/A,N/A,https://wanderingearl.com/five-unusual-destinations-perfect-for-outdoor-escapes/,Earl,wanderingearl.com
Impressions Of Romania: Transylvania To Bucharest,N/A,N/A,https://wanderingearl.com/impressions-of-romania-from-transylvania-to-bucharest/,Earl,wanderingearl.com
4 Stunning National Parks to Explore in Australia,N/A,N/A,https://wanderingearl.com/4-stunning-national-parks-to-explore-in-australia/,Earl,wanderingearl.com
The Final 24 Hours Before A Trip,N/A,N/A,https://wanderingearl.com/the-final-24-hours-before-a-trip/,Earl,wanderingearl.com
"Yes, Travel Does Have Some Risks",N/A,N/A,https://wanderingearl.com/yes-travel-does-have-some-risks/,Earl,wanderingearl.com
"June 24th, 2010: Seven Posts To Read",N/A,N/A,https://wanderingearl.com/june-24th-2010-seven-posts-to-read/,Earl,wanderingearl.com
Pairing Dubai with More of the World,N/A,N/A,https://wanderingearl.com/pairing-dubai-world/,Earl,wanderingearl.com
Three Weeks In India…A Recap Of My First Tour,N/A,N/A,https://wanderingearl.com/three-weeks-in-india-recap-of-my-first-tour/,Earl,wanderingearl.com
Rolling Through the Carolinas: An RV Road Trip Guide,N/A,N/A,https://wanderingearl.com/rolling-through-the-carolinas-an-rv-road-trip-guide/,Earl,wanderingearl.com
Why I Travel So Much,N/A,N/A,https://wanderingearl.com/why-i-travel-so-much/,Earl,wanderingearl.com
Announcing The “I Love Istanbul Tour” (May 2013),N/A,N/A,https://wanderingearl.com/announcing-the-i-love-istanbul-tour/,Earl,wanderingearl.com
A Day In The Life Of A Nomad – India Version,N/A,N/A,https://wanderingearl.com/a-day-in-the-life-of-a-nomad-india-version/,Earl,wanderingearl.com
Why I Made a List of Memorable Life Experiences This Morning,N/A,N/A,https://wanderingearl.com/why-i-made-a-list-of-memorable-life-experiences-this-morning/,Earl,wanderingearl.com
"I’m A Budget Traveler, But I Don’t Mind Spending Money",N/A,N/A,https://wanderingearl.com/im-budget-traveler-dont-mind-spending-money/,Earl,wanderingearl.com
How To Be Productive Anywhere,N/A,N/A,https://wanderingearl.com/how-to-be-productive-anywhere/,Earl,wanderingearl.com
The Day Blueberry Yogurt Saved My Life,N/A,N/A,https://wanderingearl.com/the-day-blueberry-yogurt-saved-my-life/,Earl,wanderingearl.com
How I Find Coworking Spaces Around the World,N/A,N/A,https://wanderingearl.com/coworking-spaces-around-the-world/,Earl,wanderingearl.com
Five Steps to Bringing Home More Compelling Photographs This Year,N/A,N/A,https://wanderingearl.com/five-steps-bringing-home-compelling-photographs-year/,Earl,wanderingearl.com
Long-Term Travel: Does Nationality Play A Role?,N/A,N/A,https://wanderingearl.com/long-term-travel-nationality/,Earl,wanderingearl.com
Your Guide to a Family Gap Year Traveling Abroad,N/A,N/A,https://wanderingearl.com/your-guide-to-a-family-gap-year-traveling-abroad/,Earl,wanderingearl.com
Air-Conditioner Repair… Mexico Style,N/A,N/A,https://wanderingearl.com/air-conditioner-repair-mexico-style/,Earl,wanderingearl.com
The Death Of Random Travel Experiences,N/A,N/A,https://wanderingearl.com/death-random-travel-experiences/,Earl,wanderingearl.com
The Day I Became The Sledding Champion Of The World,N/A,N/A,https://wanderingearl.com/day-i-became-sledding-champion-of-the-world/,Earl,wanderingearl.com
A South African Safari You Wouldn’t Want To Miss,N/A,N/A,https://wanderingearl.com/south-african-safari-you-wouldnt-want-to-miss/,Earl,wanderingearl.com
How I Can Afford My Life Of Constant Travel,N/A,N/A,https://wanderingearl.com/how-i-can-afford-my-life-of-constant-travel/,Earl,wanderingearl.com
My Galapagos Islands Trip – 34 Favorite Photos (and a video),N/A,N/A,https://wanderingearl.com/galapagos-islands-trip-favorite-photos/,Earl,wanderingearl.com
Thank You Scented Candles!,N/A,N/A,https://wanderingearl.com/thank-you-scented-candles/,Earl,wanderingearl.com
Wandering Earl Tours – 2013 Final Schedule,N/A,N/A,https://wanderingearl.com/wandering-earl-tours-2013-final-schedule/,Earl,wanderingearl.com
The Highlights Of Northern Syria,N/A,N/A,https://wanderingearl.com/the-highlights-of-northern-syria/,Earl,wanderingearl.com
Travel Light & Leave The Extra Socks Behind,N/A,N/A,https://wanderingearl.com/travel-light-leave-the-extra-socks-behind/,Earl,wanderingearl.com
Maldives on a Budget: Step by Step Guide,N/A,N/A,https://wanderingearl.com/maldives-on-a-budget-step-by-step-guide/,Earl,wanderingearl.com
I Have Worms,N/A,N/A,https://wanderingearl.com/i-have-worms/,Earl,wanderingearl.com
Can Budget Travelers Afford To Stay In Hotels?,N/A,N/A,https://wanderingearl.com/can-budget-travelers-afford-to-stay-in-hotels/,Earl,wanderingearl.com
All You Need to Know About Traveling by Bus in Italy,N/A,N/A,https://wanderingearl.com/all-you-need-to-know-about-traveling-by-bus-in-italy/,Earl,wanderingearl.com
The International Towing and Recovery Museum. I Loved It.,N/A,N/A,https://wanderingearl.com/international-towing-and-recovery-museum/,Earl,wanderingearl.com
How Much It Costs To Travel In Iraqi Kurdistan,N/A,N/A,https://wanderingearl.com/how-much-it-costs-to-travel-in-iraqi-kurdistan/,Earl,wanderingearl.com
"A Decade of Wandering Ends, Another One Begins (Part 2)",N/A,N/A,https://wanderingearl.com/a-decade-of-wandering-ends-another-one-begins-part-2/,Earl,wanderingearl.com
The Most Important Word In The World,N/A,N/A,https://wanderingearl.com/the-most-important-word-in-the-world/,Earl,wanderingearl.com
Affordable Canadian Cities For Digital Nomads,N/A,N/A,https://wanderingearl.com/affordable-canadian-cities-for-digital-nomads/,Earl,wanderingearl.com
Goodbye 2011: It’s Time To Stop Plucking Our Eyebrows,N/A,N/A,https://wanderingearl.com/time-to-stop-plucking-our-eyebrows/,Earl,wanderingearl.com
"A Relaxing Beach Vacation in Ulcinj, Montenegro",N/A,N/A,https://wanderingearl.com/a-one-week-beach-vacation-in-ulcinj-montenegro/,Earl,wanderingearl.com
My Struggle To Understand Beirut,N/A,N/A,https://wanderingearl.com/my-struggle-to-understand-beirut/,Earl,wanderingearl.com
"Novica: Handcrafted, Fair Trade Products",N/A,N/A,https://wanderingearl.com/novica-handcrafted-fair-trade-products/,Earl,wanderingearl.com
Your Life Should Be The Greatest Success Story Ever Told,N/A,N/A,https://wanderingearl.com/your-life-should-be-the-greatest-success-story-ever-told/,Earl,wanderingearl.com
Why I Don’t Panic When My Backpack Goes Missing,N/A,N/A,https://wanderingearl.com/why-i-dont-panic-when-my-backpack-goes-missing/,Earl,wanderingearl.com
The Perfect Camera For A Nomad?,N/A,N/A,https://wanderingearl.com/the-perfect-camera-for-a-nomad/,Earl,wanderingearl.com
“Anything You Need” – Could This Girl Be For Real?,N/A,N/A,https://wanderingearl.com/anything-you-need-could-this-girl-be-for-real/,Earl,wanderingearl.com
A List of Travel Books That Are Never On Anyone’s List,N/A,N/A,https://wanderingearl.com/list-of-travel-books/,Earl,wanderingearl.com
How I Can Still Afford My Life Of Constant Travel,N/A,N/A,https://wanderingearl.com/how-i-can-still-afford-my-life-of-constant-travel/,Earl,wanderingearl.com
Dealing With Website Issues In Damascus,N/A,N/A,https://wanderingearl.com/dealing-with-website-issues-in-damascus/,Earl,wanderingearl.com
"Thoughts from a life of travel: Day 6251 – Bali, Indonesia",N/A,N/A,https://wanderingearl.com/thoughts-from-a-life-of-travel-bali-indonesia/,Earl,wanderingearl.com
June Update: Travel Plans Cancelled,N/A,N/A,https://wanderingearl.com/june-update-travel-plans-cancelled/,Earl,wanderingearl.com
We All Have A Reason To Smile,N/A,N/A,https://wanderingearl.com/we-all-have-a-reason-to-smile/,Earl,wanderingearl.com
"Life, Hiking, Apple Pie & The Mountains Of Romania",N/A,N/A,https://wanderingearl.com/life-hiking-apple-pie-the-mountains-of-romania/,Earl,wanderingearl.com
I’m Going On Vacation,N/A,N/A,https://wanderingearl.com/im-going-on-vacation/,Earl,wanderingearl.com
How to Get Massive Hotel Discounts (it’s easy and free),N/A,N/A,https://wanderingearl.com/massive-hotel-discounts/,Earl,wanderingearl.com
Walking Holidays Across Spain,N/A,N/A,https://wanderingearl.com/walking-holidays-across-spain/,Earl,wanderingearl.com
Welcome to My Life of Travel – Spectacular View in Mauritius,N/A,N/A,https://wanderingearl.com/welcome-life-travel-spectacular-view-mauritius/,Earl,wanderingearl.com
Interview At JetSetCitizen.com,N/A,N/A,https://wanderingearl.com/interview-at-jetsetcitizen-com/,Earl,wanderingearl.com
Ordinary People & Their Inspiring Travel Stories,N/A,N/A,https://wanderingearl.com/ordinary-people-their-inspiring-travel-stories/,Earl,wanderingearl.com
Do Long-Term Travelers Prepare For Retirement?,N/A,N/A,https://wanderingearl.com/do-long-term-travelers-prepare-for-retirement/,Earl,wanderingearl.com
How I Got Kicked Out Of Romania,N/A,N/A,https://wanderingearl.com/kicked-out-of-romania-residency-visa-refused/,Earl,wanderingearl.com
The Wandering Earl Tour To Mexico Is Almost Sold Out,N/A,N/A,https://wanderingearl.com/the-wandering-earl-tour-to-mexico-is-almost-sold-out/,Earl,wanderingearl.com
The Winner Of The $50 Giveaway,N/A,N/A,https://wanderingearl.com/the-winner-of-the-50-giveaway-2/,Earl,wanderingearl.com
"Yucatan, Mexico: From Izamal To Tixkokob (Yes, Tixkokob)",N/A,N/A,https://wanderingearl.com/yucatan-mexico-izamal-tixkokob/,Earl,wanderingearl.com
Blind For A Night: A Most Unusual Meal In Bucharest,N/A,N/A,https://wanderingearl.com/blind-for-a-night-a-most-unusual-meal-in-bucharest/,Earl,wanderingearl.com
Close Encounter With The Mafia,N/A,N/A,https://wanderingearl.com/close-encounter-with-the-mafia/,Earl,wanderingearl.com
The Indian Railway: More Than A Tale Of Survival,N/A,N/A,https://wanderingearl.com/the-indian-railway-more-than-a-tale-of-survival/,Earl,wanderingearl.com
If You Are a Socially Awkward Nomad and You Know It…Clap Your Hands!,N/A,N/A,https://wanderingearl.com/if-youre-a-socially-awkward-nomad-you-know-it-clap-your-hands/,Earl,wanderingearl.com
My (Unofficial) Guide To Authentic Mexican Food,N/A,N/A,https://wanderingearl.com/my-unofficial-guide-to-authentic-mexican-food/,Earl,wanderingearl.com
Why I Don’t Plan To Visit Every Country In The World,N/A,N/A,https://wanderingearl.com/why-i-dont-plan-to-visit-every-country-in-the-world/,Earl,wanderingearl.com
This Post Is For My Friends In Syria,N/A,N/A,https://wanderingearl.com/this-post-is-for-my-friends-in-syria/,Earl,wanderingearl.com
"Mostar, Bosnia & Herzegovina: A City Divided By Two Countries",N/A,N/A,https://wanderingearl.com/mostar-bosnia-a-city-divided-by-two-countries/,Earl,wanderingearl.com
Travel Ideas for 2010: Why are Camels so Expensive?,N/A,N/A,https://wanderingearl.com/travel-ideas-for-2010-why-are-camels-so-expensive-2/,Earl,wanderingearl.com
Teaching English: Get Paid to Travel,N/A,N/A,https://wanderingearl.com/teaching-english-get-paid-to-travel/,Earl,wanderingearl.com
Travel Secrets eBook Project Launch,N/A,N/A,https://wanderingearl.com/travel-secrets-ebook-project-launch/,Earl,wanderingearl.com
How I Obtained Residency in a European Country,N/A,N/A,https://wanderingearl.com/how-i-obtained-residency-in-a-european-country/,Earl,wanderingearl.com
Challenges Of A Permanent Nomad,N/A,N/A,https://wanderingearl.com/challenges-of-a-permanent-nomad/,Earl,wanderingearl.com
The Wonderfully Fascinating City Of Varanasi,N/A,N/A,https://wanderingearl.com/the-wonderfully-fascinating-city-of-varanasi/,Earl,wanderingearl.com
Santa Is My Ho-Ho-Homeboy & Other XShot Photos From This Week,N/A,N/A,https://wanderingearl.com/santa-is-my-ho-ho-homeboy-other-xshot-photos/,Earl,wanderingearl.com
People Who Helped Make My 2010 Memorable,N/A,N/A,https://wanderingearl.com/people-who-helped-make-my-2010-memorable/,Earl,wanderingearl.com
Bulgaria: The Best Value Destination On The Planet?,N/A,N/A,https://wanderingearl.com/bulgaria-the-best-value-destination-on-the-planet/,Earl,wanderingearl.com
Oh How I Love To Eat In Mexico!,N/A,N/A,https://wanderingearl.com/oh-how-i-love-to-eat-in-mexico/,Earl,wanderingearl.com
Wandering Earl Tours: Announcing “Socotra Island 2014”!,N/A,N/A,https://wanderingearl.com/wandering-earl-tours-socotra-island-2014/,Earl,wanderingearl.com
The World’s Largest Wiener Schnitzel,N/A,N/A,https://wanderingearl.com/worlds-largest-wiener-schnitzel/,Earl,wanderingearl.com
A Weekend At Romania’s Famous “Vama Veche”,N/A,N/A,https://wanderingearl.com/weekend-at-romanias-famous-vama-veche/,Earl,wanderingearl.com
Travel with Ease: Discover the Benefits of Reliefband,N/A,N/A,https://wanderingearl.com/travel-with-ease-benefits-reliefband/,Earl,wanderingearl.com
It’s a Struggle to Take a Good Travel Photo,N/A,N/A,https://wanderingearl.com/how-to-take-the-perfect-travel-photo/,Earl,wanderingearl.com
How to Make Your Money Last Longer While Traveling,N/A,N/A,https://wanderingearl.com/how-to-make-your-money-last-longer-while-traveling/,Earl,wanderingearl.com
Writing About My Trip To Finland Is Impossible,N/A,N/A,https://wanderingearl.com/writing-about-my-trip-to-finland-is-impossible/,Earl,wanderingearl.com
Eurail Adventure: Ljubljana to Zagreb,N/A,N/A,https://wanderingearl.com/eurail-adventure-ljubljana-to-zagreb/,Earl,wanderingearl.com
What I Like Most About The USA,N/A,N/A,https://wanderingearl.com/what-i-like-most-about-the-usa/,Earl,wanderingearl.com
"Lucerne, Switzerland: How Not To Buy Apples",N/A,N/A,https://wanderingearl.com/lucerne-switzerland-how-not-to-buy-apples/,Earl,wanderingearl.com
Please Don’t Be Afraid To Travel On Your Own,N/A,N/A,https://wanderingearl.com/please-dont-be-afraid-to-travel-on-your-own/,Earl,wanderingearl.com
"Join Me For A Tour Of Aleppo, Syria",N/A,N/A,https://wanderingearl.com/join-me-for-a-tour-of-aleppo-syria/,Earl,wanderingearl.com
"How to Enjoy a Rewarding Vacation to Orlando, Florida",N/A,N/A,https://wanderingearl.com/how-to-enjoy-rewarding-vacation-orlando-florida/,Earl,wanderingearl.com
What to See in the United States if it’s Not Your First Trip,N/A,N/A,https://wanderingearl.com/what-to-see-in-the-united-states-if-its-not-your-first-trip/,Earl,wanderingearl.com
Introducing “PLANSIFY” – Travel Advice Made Easy,N/A,N/A,https://wanderingearl.com/introducing-plansify-travel-advice-made-easy/,Earl,wanderingearl.com
Why You Should Travel Despite Your Fear Of Failure,N/A,N/A,https://wanderingearl.com/why-you-should-travel-despite-your-fear-of-failure/,Earl,wanderingearl.com
"Food, Food, Food & More Turkish Food",N/A,N/A,https://wanderingearl.com/food-food-food-more-turkish-food/,Earl,wanderingearl.com
Arriving at Havana Airport (Arrival & Taxi Information),N/A,N/A,https://wanderingearl.com/arriving-at-havana-airport/,Earl,wanderingearl.com
Interview With Budget Travel Expert Nomadic Matt,N/A,N/A,https://wanderingearl.com/budget-travel-expert-nomadic-matt/,Earl,wanderingearl.com
The Uselessness of Getting Upset While Traveling,N/A,N/A,https://wanderingearl.com/uselessness-of-getting-upset-while-traveling/,Earl,wanderingearl.com
The Power Of Music (Even When You Don’t Know The Words),N/A,N/A,https://wanderingearl.com/the-power-of-music-even-when-you-dont-know-the-words/,Earl,wanderingearl.com
Announcing the Wandering Earl Tours for 2020,N/A,N/A,https://wanderingearl.com/wandering-earl-tours-2020/,Earl,wanderingearl.com
"Philippines Travel: Costs, Islands, Weather, Internet & More",N/A,N/A,https://wanderingearl.com/philippines-travel-costs-islands-weather-internet/,Earl,wanderingearl.com
Top Alternative Destinations to Visit Across Europe,N/A,N/A,https://wanderingearl.com/top-alternative-destinations-to-visit-across-europe/,Earl,wanderingearl.com
Romania Road Trip – Part 1: Bucovina & Maramures!,N/A,N/A,https://wanderingearl.com/romania-road-trip-part-1-bucovina-maramures/,Earl,wanderingearl.com
I Barely Survived My Visit To Ukraine,N/A,N/A,https://wanderingearl.com/i-barely-survived-my-visit-to-ukraine/,Earl,wanderingearl.com
My Pockets Are Full Of Change…Are Yours?,N/A,N/A,https://wanderingearl.com/my-pockets-are-full-of-change-are-yours/,Earl,wanderingearl.com
What My Least Favorite Destinations & Olives Have In Common,N/A,N/A,https://wanderingearl.com/what-my-least-favorite-destinations-olives-have-in-common/,Earl,wanderingearl.com
Small Ways To Make A Big Difference,N/A,N/A,https://wanderingearl.com/small-ways-to-make-a-big-difference/,Earl,wanderingearl.com
What to Expect on Your Visit to New York City,N/A,N/A,https://wanderingearl.com/what-to-expect-on-your-visit-to-new-york-city/,Earl,wanderingearl.com
How Religion Can Help Keep Your Backpack Safe,N/A,N/A,https://wanderingearl.com/how-religion-can-help-keep-your-backpack-safe/,Earl,wanderingearl.com
When Daydreams Of Travel Come True,N/A,N/A,https://wanderingearl.com/when-daydreams-of-travel-come-true/,Earl,wanderingearl.com
Everybody Told Me I Was A Useless Bum,N/A,N/A,https://wanderingearl.com/everybody-told-me-i-was-a-useless-bum/,Earl,wanderingearl.com
20 Years of Travel: A Travel Lesson I Shall Never Forget,N/A,N/A,https://wanderingearl.com/20-years-of-travel-lesson-never-forget/,Earl,wanderingearl.com
6 Relaxing Spots in Japan’s Capital,N/A,N/A,https://wanderingearl.com/6-relaxing-spots-in-japans-capital/,Earl,wanderingearl.com
A Little Human Connection Goes A Long Way,N/A,N/A,https://wanderingearl.com/little-human-connection-goes-a-long-way/,Earl,wanderingearl.com
Why Me No Fluent In Any Language At All,N/A,N/A,https://wanderingearl.com/fluent-language/,Earl,wanderingearl.com
"As They Say In Syria, Shukran!",N/A,N/A,https://wanderingearl.com/as-they-say-in-syria-shukran/,Earl,wanderingearl.com
My Robot-Like Approach to Travel and Life,N/A,N/A,https://wanderingearl.com/my-robot-like-approach-to-travel-and-life/,Earl,wanderingearl.com
A Recap Of My Wander Across Mexico Tour,N/A,N/A,https://wanderingearl.com/recap-of-my-wander-across-mexico-tour/,Earl,wanderingearl.com
LTO Launches Online Portal for Driver License Transactions,N/A,N/A,https://wanderingearl.com/lto-online-portal-driver-license-transactions/,Earl,wanderingearl.com
Enchanting City of Shanghai: Journey Through Modern China,N/A,N/A,https://wanderingearl.com/enchanting-city-of-shanghai/,Earl,wanderingearl.com
The Future of Wandering Earl – I Need Your Help!,N/A,N/A,https://wanderingearl.com/future-wandering-earl-need-your-help/,Earl,wanderingearl.com
